<LC_ACCEPT><DATA><SLNO>1</SLNO><LC_ID>278723021033</LC_ID><ACCEPT_SERIAL>179</ACCEPT_SERIAL><ACCEPT_YEAR>2024</ACCEPT_YEAR><DOC_RECEIVE_DATE>2024-01-08</DOC_RECEIVE_DATE><DOC_REF_NO>6631611058</DOC_REF_NO><PAY_COUNTRY>1100</PAY_COUNTRY><ACCEPT_DATE>2024-01-15</ACCEPT_DATE><DETAIL><ACCEPT_DETAIL><DETAIL_SERIAL>1</DETAIL_SERIAL><MATURITY_DATE>2025-01-02</MATURITY_DATE><ACCEPT_AMOUNT>21539.2</ACCEPT_AMOUNT></ACCEPT_DETAIL></DETAIL></DATA>
<DATA><SLNO>2</SLNO><LC_ID>278723021311</LC_ID><ACCEPT_SERIAL>180</ACCEPT_SERIAL><ACCEPT_YEAR>2024</ACCEPT_YEAR><DOC_RECEIVE_DATE>2024-01-08</DOC_RECEIVE_DATE><DOC_REF_NO>6630611058</DOC_REF_NO><PAY_COUNTRY>1100</PAY_COUNTRY><ACCEPT_DATE>2024-01-15</ACCEPT_DATE><DETAIL><ACCEPT_DETAIL><DETAIL_SERIAL>1</DETAIL_SERIAL><MATURITY_DATE>2024-10-03</MATURITY_DATE><ACCEPT_AMOUNT>1525710.45</ACCEPT_AMOUNT></ACCEPT_DETAIL></DETAIL></DATA>
<DATA><SLNO>3</SLNO><LC_ID>278723021276</LC_ID><ACCEPT_SERIAL>181</ACCEPT_SERIAL><ACCEPT_YEAR>2024</ACCEPT_YEAR><DOC_RECEIVE_DATE>2024-01-01</DOC_RECEIVE_DATE><DOC_REF_NO>3631XBC0418221</DOC_REF_NO><PAY_COUNTRY>1247</PAY_COUNTRY><ACCEPT_DATE>2024-01-15</ACCEPT_DATE><DETAIL><ACCEPT_DETAIL><DETAIL_SERIAL>1</DETAIL_SERIAL><MATURITY_DATE>2024-12-12</MATURITY_DATE><ACCEPT_AMOUNT>64160</ACCEPT_AMOUNT></ACCEPT_DETAIL></DETAIL></DATA>
<DATA><SLNO>4</SLNO><LC_ID>278723021140</LC_ID><ACCEPT_SERIAL>182</ACCEPT_SERIAL><ACCEPT_YEAR>2024</ACCEPT_YEAR><DOC_RECEIVE_DATE>2024-01-09</DOC_RECEIVE_DATE><DOC_REF_NO>6630611059</DOC_REF_NO><PAY_COUNTRY>1206</PAY_COUNTRY><ACCEPT_DATE>2024-01-15</ACCEPT_DATE><DETAIL><ACCEPT_DETAIL><DETAIL_SERIAL>1</DETAIL_SERIAL><MATURITY_DATE>2024-10-07</MATURITY_DATE><ACCEPT_AMOUNT>104812.14</ACCEPT_AMOUNT></ACCEPT_DETAIL></DETAIL></DATA>
<DATA><SLNO>5</SLNO><LC_ID>278723021241</LC_ID><ACCEPT_SERIAL>183</ACCEPT_SERIAL><ACCEPT_YEAR>2024</ACCEPT_YEAR><DOC_RECEIVE_DATE>2024-01-10</DOC_RECEIVE_DATE><DOC_REF_NO>6638611059</DOC_REF_NO><PAY_COUNTRY>2000</PAY_COUNTRY><ACCEPT_DATE>2024-01-15</ACCEPT_DATE><DETAIL><ACCEPT_DETAIL><DETAIL_SERIAL>1</DETAIL_SERIAL><MATURITY_DATE>2025-01-08</MATURITY_DATE><ACCEPT_AMOUNT>742820</ACCEPT_AMOUNT></ACCEPT_DETAIL></DETAIL></DATA>
<DATA><SLNO>6</SLNO><LC_ID>278723021287</LC_ID><ACCEPT_SERIAL>184</ACCEPT_SERIAL><ACCEPT_YEAR>2024</ACCEPT_YEAR><DOC_RECEIVE_DATE>2024-01-14</DOC_RECEIVE_DATE><DOC_REF_NO>EX89432223003</DOC_REF_NO><PAY_COUNTRY>1206</PAY_COUNTRY><ACCEPT_DATE>2024-01-15</ACCEPT_DATE><DETAIL><ACCEPT_DETAIL><DETAIL_SERIAL>1</DETAIL_SERIAL><MATURITY_DATE>2024-03-05</MATURITY_DATE><ACCEPT_AMOUNT>127807.2</ACCEPT_AMOUNT></ACCEPT_DETAIL></DETAIL></DATA>
<DATA><SLNO>7</SLNO><LC_ID>278723021289</LC_ID><ACCEPT_SERIAL>185</ACCEPT_SERIAL><ACCEPT_YEAR>2024</ACCEPT_YEAR><DOC_RECEIVE_DATE>2024-01-14</DOC_RECEIVE_DATE><DOC_REF_NO>EX89432423003</DOC_REF_NO><PAY_COUNTRY>1206</PAY_COUNTRY><ACCEPT_DATE>2024-01-15</ACCEPT_DATE><DETAIL><ACCEPT_DETAIL><DETAIL_SERIAL>1</DETAIL_SERIAL><MATURITY_DATE>2024-03-05</MATURITY_DATE><ACCEPT_AMOUNT>56769.59</ACCEPT_AMOUNT></ACCEPT_DETAIL></DETAIL></DATA>
<DATA><SLNO>8</SLNO><LC_ID>278723021133</LC_ID><ACCEPT_SERIAL>186</ACCEPT_SERIAL><ACCEPT_YEAR>2024</ACCEPT_YEAR><DOC_RECEIVE_DATE>2024-01-09</DOC_RECEIVE_DATE><DOC_REF_NO>6633611059</DOC_REF_NO><PAY_COUNTRY>1219</PAY_COUNTRY><ACCEPT_DATE>2024-01-15</ACCEPT_DATE><DETAIL><ACCEPT_DETAIL><DETAIL_SERIAL>1</DETAIL_SERIAL><MATURITY_DATE>2025-01-08</MATURITY_DATE><ACCEPT_AMOUNT>554400</ACCEPT_AMOUNT></ACCEPT_DETAIL></DETAIL></DATA>
<DATA><SLNO>9</SLNO><LC_ID>278723020988</LC_ID><ACCEPT_SERIAL>187</ACCEPT_SERIAL><ACCEPT_YEAR>2024</ACCEPT_YEAR><DOC_RECEIVE_DATE>2024-01-09</DOC_RECEIVE_DATE><DOC_REF_NO>6227800458</DOC_REF_NO><PAY_COUNTRY>0109</PAY_COUNTRY><ACCEPT_DATE>2024-01-15</ACCEPT_DATE><DETAIL><ACCEPT_DETAIL><DETAIL_SERIAL>1</DETAIL_SERIAL><MATURITY_DATE>2024-02-29</MATURITY_DATE><ACCEPT_AMOUNT>31110.5</ACCEPT_AMOUNT></ACCEPT_DETAIL></DETAIL></DATA>
<DATA><SLNO>10</SLNO><LC_ID>278723021112</LC_ID><ACCEPT_SERIAL>188</ACCEPT_SERIAL><ACCEPT_YEAR>2024</ACCEPT_YEAR><DOC_RECEIVE_DATE>2024-01-14</DOC_RECEIVE_DATE><DOC_REF_NO>LBW23EA50294101</DOC_REF_NO><PAY_COUNTRY>2004</PAY_COUNTRY><ACCEPT_DATE>2024-01-15</ACCEPT_DATE><DETAIL><ACCEPT_DETAIL><DETAIL_SERIAL>1</DETAIL_SERIAL><MATURITY_DATE>2024-06-13</MATURITY_DATE><ACCEPT_AMOUNT>101856</ACCEPT_AMOUNT></ACCEPT_DETAIL></DETAIL></DATA>
<DATA><SLNO>11</SLNO><LC_ID>278723021191</LC_ID><ACCEPT_SERIAL>189</ACCEPT_SERIAL><ACCEPT_YEAR>2024</ACCEPT_YEAR><DOC_RECEIVE_DATE>2024-01-09</DOC_RECEIVE_DATE><DOC_REF_NO>6634611059</DOC_REF_NO><PAY_COUNTRY>1100</PAY_COUNTRY><ACCEPT_DATE>2024-01-15</ACCEPT_DATE><DETAIL><ACCEPT_DETAIL><DETAIL_SERIAL>1</DETAIL_SERIAL><MATURITY_DATE>2025-01-02</MATURITY_DATE><ACCEPT_AMOUNT>46858</ACCEPT_AMOUNT></ACCEPT_DETAIL></DETAIL></DATA>
<DATA><SLNO>12</SLNO><LC_ID>278723021295</LC_ID><ACCEPT_SERIAL>190</ACCEPT_SERIAL><ACCEPT_YEAR>2024</ACCEPT_YEAR><DOC_RECEIVE_DATE>2024-01-10</DOC_RECEIVE_DATE><DOC_REF_NO>6637611059</DOC_REF_NO><PAY_COUNTRY>1205</PAY_COUNTRY><ACCEPT_DATE>2024-01-15</ACCEPT_DATE><DETAIL><ACCEPT_DETAIL><DETAIL_SERIAL>1</DETAIL_SERIAL><MATURITY_DATE>2025-01-08</MATURITY_DATE><ACCEPT_AMOUNT>1017.14</ACCEPT_AMOUNT></ACCEPT_DETAIL></DETAIL></DATA>
<DATA><SLNO>13</SLNO><LC_ID>278723020988</LC_ID><ACCEPT_SERIAL>191</ACCEPT_SERIAL><ACCEPT_YEAR>2024</ACCEPT_YEAR><DOC_RECEIVE_DATE>2024-01-09</DOC_RECEIVE_DATE><DOC_REF_NO>6228800458</DOC_REF_NO><PAY_COUNTRY>0109</PAY_COUNTRY><ACCEPT_DATE>2024-01-15</ACCEPT_DATE><DETAIL><ACCEPT_DETAIL><DETAIL_SERIAL>1</DETAIL_SERIAL><MATURITY_DATE>2024-02-22</MATURITY_DATE><ACCEPT_AMOUNT>367060.1</ACCEPT_AMOUNT></ACCEPT_DETAIL></DETAIL></DATA>
<DATA><SLNO>14</SLNO><LC_ID>278723010960</LC_ID><ACCEPT_SERIAL>192</ACCEPT_SERIAL><ACCEPT_YEAR>2024</ACCEPT_YEAR><DOC_RECEIVE_DATE>2024-01-11</DOC_RECEIVE_DATE><DOC_REF_NO>BIAEA302622911</DOC_REF_NO><PAY_COUNTRY>2004</PAY_COUNTRY><ACCEPT_DATE>2024-01-15</ACCEPT_DATE><DETAIL><ACCEPT_DETAIL><DETAIL_SERIAL>1</DETAIL_SERIAL><MATURITY_DATE>2024-01-15</MATURITY_DATE><ACCEPT_AMOUNT>77055</ACCEPT_AMOUNT></ACCEPT_DETAIL></DETAIL></DATA>
<DATA><SLNO>15</SLNO><LC_ID>278723011119</LC_ID><ACCEPT_SERIAL>193</ACCEPT_SERIAL><ACCEPT_YEAR>2024</ACCEPT_YEAR><DOC_RECEIVE_DATE>2024-01-14</DOC_RECEIVE_DATE><DOC_REF_NO>0005XFC25297424</DOC_REF_NO><PAY_COUNTRY>1100</PAY_COUNTRY><ACCEPT_DATE>2024-01-15</ACCEPT_DATE><DETAIL><ACCEPT_DETAIL><DETAIL_SERIAL>1</DETAIL_SERIAL><MATURITY_DATE>2024-01-15</MATURITY_DATE><ACCEPT_AMOUNT>2241</ACCEPT_AMOUNT></ACCEPT_DETAIL></DETAIL></DATA>
<DATA><SLNO>16</SLNO><LC_ID>278723010720</LC_ID><ACCEPT_SERIAL>194</ACCEPT_SERIAL><ACCEPT_YEAR>2024</ACCEPT_YEAR><DOC_RECEIVE_DATE>2023-10-22</DOC_RECEIVE_DATE><DOC_REF_NO>6228800453</DOC_REF_NO><PAY_COUNTRY>0109</PAY_COUNTRY><ACCEPT_DATE>2024-01-15</ACCEPT_DATE><DETAIL><ACCEPT_DETAIL><DETAIL_SERIAL>1</DETAIL_SERIAL><MATURITY_DATE>2024-01-15</MATURITY_DATE><ACCEPT_AMOUNT>30082.46</ACCEPT_AMOUNT></ACCEPT_DETAIL></DETAIL></DATA>
<DATA><SLNO>17</SLNO><LC_ID>278723010808</LC_ID><ACCEPT_SERIAL>195</ACCEPT_SERIAL><ACCEPT_YEAR>2024</ACCEPT_YEAR><DOC_RECEIVE_DATE>2024-01-08</DOC_RECEIVE_DATE><DOC_REF_NO>EGBLNF037786</DOC_REF_NO><PAY_COUNTRY>2004</PAY_COUNTRY><ACCEPT_DATE>2024-01-15</ACCEPT_DATE><DETAIL><ACCEPT_DETAIL><DETAIL_SERIAL>1</DETAIL_SERIAL><MATURITY_DATE>2024-01-15</MATURITY_DATE><ACCEPT_AMOUNT>40156.8</ACCEPT_AMOUNT></ACCEPT_DETAIL></DETAIL></DATA>
<DATA><SLNO>18</SLNO><LC_ID>278723011107</LC_ID><ACCEPT_SERIAL>196</ACCEPT_SERIAL><ACCEPT_YEAR>2024</ACCEPT_YEAR><DOC_RECEIVE_DATE>2023-12-28</DOC_RECEIVE_DATE><DOC_REF_NO>C03238D810</DOC_REF_NO><PAY_COUNTRY>1100</PAY_COUNTRY><ACCEPT_DATE>2024-01-15</ACCEPT_DATE><DETAIL><ACCEPT_DETAIL><DETAIL_SERIAL>1</DETAIL_SERIAL><MATURITY_DATE>2024-01-15</MATURITY_DATE><ACCEPT_AMOUNT>270431.59</ACCEPT_AMOUNT></ACCEPT_DETAIL></DETAIL></DATA>
<DATA><SLNO>19</SLNO><LC_ID>278723010864</LC_ID><ACCEPT_SERIAL>197</ACCEPT_SERIAL><ACCEPT_YEAR>2024</ACCEPT_YEAR><DOC_RECEIVE_DATE>2024-01-11</DOC_RECEIVE_DATE><DOC_REF_NO>240XLT2300577</DOC_REF_NO><PAY_COUNTRY>2004</PAY_COUNTRY><ACCEPT_DATE>2024-01-15</ACCEPT_DATE><DETAIL><ACCEPT_DETAIL><DETAIL_SERIAL>1</DETAIL_SERIAL><MATURITY_DATE>2024-01-15</MATURITY_DATE><ACCEPT_AMOUNT>27479.88</ACCEPT_AMOUNT></ACCEPT_DETAIL></DETAIL></DATA>
<DATA><SLNO>20</SLNO><LC_ID>278723010766</LC_ID><ACCEPT_SERIAL>198</ACCEPT_SERIAL><ACCEPT_YEAR>2024</ACCEPT_YEAR><DOC_RECEIVE_DATE>2024-01-01</DOC_RECEIVE_DATE><DOC_REF_NO>C0123P4847</DOC_REF_NO><PAY_COUNTRY>1100</PAY_COUNTRY><ACCEPT_DATE>2024-01-15</ACCEPT_DATE><DETAIL><ACCEPT_DETAIL><DETAIL_SERIAL>1</DETAIL_SERIAL><MATURITY_DATE>2024-01-15</MATURITY_DATE><ACCEPT_AMOUNT>22908.56</ACCEPT_AMOUNT></ACCEPT_DETAIL></DETAIL></DATA>
<DATA><SLNO>21</SLNO><LC_ID>278723050161</LC_ID><ACCEPT_SERIAL>199</ACCEPT_SERIAL><ACCEPT_YEAR>2024</ACCEPT_YEAR><DOC_RECEIVE_DATE>2024-01-14</DOC_RECEIVE_DATE><DOC_REF_NO>BP32388C40003601</DOC_REF_NO><PAY_COUNTRY>1301</PAY_COUNTRY><ACCEPT_DATE>2024-01-15</ACCEPT_DATE><DETAIL><ACCEPT_DETAIL><DETAIL_SERIAL>1</DETAIL_SERIAL><MATURITY_DATE>2024-01-15</MATURITY_DATE><ACCEPT_AMOUNT>17132.94</ACCEPT_AMOUNT></ACCEPT_DETAIL></DETAIL></DATA>
<DATA><SLNO>22</SLNO><LC_ID>278723010671</LC_ID><ACCEPT_SERIAL>200</ACCEPT_SERIAL><ACCEPT_YEAR>2024</ACCEPT_YEAR><DOC_RECEIVE_DATE>2024-01-08</DOC_RECEIVE_DATE><DOC_REF_NO>C0124A5936</DOC_REF_NO><PAY_COUNTRY>1100</PAY_COUNTRY><ACCEPT_DATE>2024-01-15</ACCEPT_DATE><DETAIL><ACCEPT_DETAIL><DETAIL_SERIAL>1</DETAIL_SERIAL><MATURITY_DATE>2024-01-15</MATURITY_DATE><ACCEPT_AMOUNT>22523.74</ACCEPT_AMOUNT></ACCEPT_DETAIL></DETAIL></DATA>
<DATA><SLNO>23</SLNO><LC_ID>278723010783</LC_ID><ACCEPT_SERIAL>201</ACCEPT_SERIAL><ACCEPT_YEAR>2024</ACCEPT_YEAR><DOC_RECEIVE_DATE>2024-01-01</DOC_RECEIVE_DATE><DOC_REF_NO>C0123P5031</DOC_REF_NO><PAY_COUNTRY>1100</PAY_COUNTRY><ACCEPT_DATE>2024-01-15</ACCEPT_DATE><DETAIL><ACCEPT_DETAIL><DETAIL_SERIAL>1</DETAIL_SERIAL><MATURITY_DATE>2024-01-15</MATURITY_DATE><ACCEPT_AMOUNT>55569.16</ACCEPT_AMOUNT></ACCEPT_DETAIL></DETAIL></DATA>
<DATA><SLNO>24</SLNO><LC_ID>278723011071</LC_ID><ACCEPT_SERIAL>202</ACCEPT_SERIAL><ACCEPT_YEAR>2024</ACCEPT_YEAR><DOC_RECEIVE_DATE>2024-01-01</DOC_RECEIVE_DATE><DOC_REF_NO>6287609057</DOC_REF_NO><PAY_COUNTRY>1240</PAY_COUNTRY><ACCEPT_DATE>2024-01-15</ACCEPT_DATE><DETAIL><ACCEPT_DETAIL><DETAIL_SERIAL>1</DETAIL_SERIAL><MATURITY_DATE>2024-01-15</MATURITY_DATE><ACCEPT_AMOUNT>361659.52</ACCEPT_AMOUNT></ACCEPT_DETAIL></DETAIL></DATA>
<DATA><SLNO>25</SLNO><LC_ID>278723010784</LC_ID><ACCEPT_SERIAL>203</ACCEPT_SERIAL><ACCEPT_YEAR>2024</ACCEPT_YEAR><DOC_RECEIVE_DATE>2024-01-02</DOC_RECEIVE_DATE><DOC_REF_NO>C0123P5148</DOC_REF_NO><PAY_COUNTRY>1100</PAY_COUNTRY><ACCEPT_DATE>2024-01-15</ACCEPT_DATE><DETAIL><ACCEPT_DETAIL><DETAIL_SERIAL>1</DETAIL_SERIAL><MATURITY_DATE>2024-01-15</MATURITY_DATE><ACCEPT_AMOUNT>18809.69</ACCEPT_AMOUNT></ACCEPT_DETAIL></DETAIL></DATA>
<DATA><SLNO>26</SLNO><LC_ID>278723010672</LC_ID><ACCEPT_SERIAL>204</ACCEPT_SERIAL><ACCEPT_YEAR>2024</ACCEPT_YEAR><DOC_RECEIVE_DATE>2024-01-08</DOC_RECEIVE_DATE><DOC_REF_NO>C0124A5939</DOC_REF_NO><PAY_COUNTRY>1100</PAY_COUNTRY><ACCEPT_DATE>2024-01-15</ACCEPT_DATE><DETAIL><ACCEPT_DETAIL><DETAIL_SERIAL>1</DETAIL_SERIAL><MATURITY_DATE>2024-01-15</MATURITY_DATE><ACCEPT_AMOUNT>13941.25</ACCEPT_AMOUNT></ACCEPT_DETAIL></DETAIL></DATA>
<DATA><SLNO>27</SLNO><LC_ID>278723020629</LC_ID><ACCEPT_SERIAL>205</ACCEPT_SERIAL><ACCEPT_YEAR>2024</ACCEPT_YEAR><DOC_RECEIVE_DATE>2023-11-05</DOC_RECEIVE_DATE><DOC_REF_NO>20104323236001</DOC_REF_NO><PAY_COUNTRY>0109</PAY_COUNTRY><ACCEPT_DATE>2024-01-15</ACCEPT_DATE><DETAIL><ACCEPT_DETAIL><DETAIL_SERIAL>1</DETAIL_SERIAL><MATURITY_DATE>2024-01-15</MATURITY_DATE><ACCEPT_AMOUNT>15822.8</ACCEPT_AMOUNT></ACCEPT_DETAIL></DETAIL></DATA>
</LC_ACCEPT>
